playerId,teamId,snapshot_season,snapshot_round,player_name,position,teamNickname,cba,cba_prop,cba_team,ki,ki_team,ki_po_team,ki_po,ki_po_prop,ki_prop,rc,rc_team,rc_prop
CD_I1001681,CD_T8788,2025,2,Jodie Hicks,DEF,Richmond,0,0,12,10,5,4,10,100,200,0,66,0
CD_I1001682,CD_T7886,2025,2,Ebony Antonio,FWD,Dockers,0,0,25,0,3,2,0,,0,0,62,0
CD_I1001686,CD_T8466,2025,2,Emma King,RUC,Kangaroos,0,0,18,0,3,2,0,,0,0,47,0
CD_I1001688,CD_T7889,2025,2,Pepa Randall,DEF,GIANTS,0,0,12,0,9,8,0,,0,0,63,0
CD_I1003018,CD_T8466,2025,2,Jenna Bruton,MID,Kangaroos,0,0,18,0,3,2,0,,0,0,47,0
CD_I1003019,CD_T8097,2025,2,Sabrina Frederick,RUC,Magpies,1,8.33333333333333,12,0,1,0,0,,0,55,63,87.3015873015873
CD_I1003020,CD_T8097,2025,2,Brianna Davey,MID,Magpies,0,0,12,0,1,0,0,,0,0,63,0
CD_I1003022,CD_T9408,2025,2,Maddy Collier,DEF,Swans,0,0,22,0,3,3,0,,0,0,56,0
CD_I1003023,CD_T8466,2025,2,Tahlia Randall,FWD,Kangaroos,0,0,18,0,3,2,0,,0,7,47,14.8936170212766
CD_I1004415,CD_T8796,2025,2,Jaimee Lambert,MID,St Kilda,23,121.052631578947,19,0,11,9,0,,0,0,64,0
CD_I1005258,CD_T8098,2025,2,Eloise Jones,FWD,Crows,0,0,16,0,9,9,0,,0,0,67,0
CD_I1005264,CD_T9409,2025,2,Ashleigh Woodland,FWD,Power,21,116.666666666667,18,0,9,5,0,,0,0,47,0
CD_I1005269,CD_T8098,2025,2,Anne Hatchard,MID,Crows,21,131.25,16,0,9,9,0,,0,13,67,19.4029850746269
CD_I1005279,CD_T8098,2025,2,Ebony Marinoff,MID,Crows,25,156.25,16,0,9,9,0,,0,1,67,1.49253731343284
CD_I1005285,CD_T8098,2025,2,Sarah Allan,DEF,Crows,0,0,16,0,9,9,0,,0,0,67,0
CD_I1005361,CD_T9406,2025,2,Daria Bannister,FWD,Bombers,0,0,12,0,1,1,0,,0,0,61,0
CD_I1005374,CD_T9406,2025,2,Ellyse Gamble,FWD,Bombers,0,0,12,0,1,1,0,,0,0,61,0
CD_I1005386,CD_T8098,2025,2,Stevie-Lee Thompson,MID,Crows,0,0,16,0,9,9,0,,0,0,67,0
CD_I1005437,CD_T7886,2025,2,Laura Pugh,DEF,Dockers,0,0,25,7,3,2,6,116.666666666667,233.333333333333,0,62,0
CD_I1005452,CD_T8796,2025,2,Nicola Barr,MID,St Kilda,0,0,19,0,11,9,0,,0,0,64,0
CD_I1005453,CD_T7889,2025,2,Rebecca Beeson,MID,GIANTS,28,233.333333333333,12,0,9,8,0,,0,0,63,0
CD_I1005630,CD_T7887,2025,2,Alexandra Anderson,MID,Lions,29,116,25,0,5,2,0,,0,0,62,0
CD_I1005659,CD_T8796,2025,2,Arianna Clarke,FWD,St Kilda,7,36.8421052631579,19,0,11,9,0,,0,1,64,1.5625
CD_I1005661,CD_T7887,2025,2,Breanna Koenen,DEF,Lions,16,64,25,0,5,2,0,,0,0,62,0
CD_I1005663,CD_T8467,2025,2,Erica Fowler,RUC,Cats,2,12.5,16,0,5,3,0,,0,16,67,23.8805970149254
CD_I1005863,CD_T7386,2025,2,Lauren Pearce,RUC,Demons,21,110.526315789474,19,0,3,2,0,,0,63,64,98.4375
CD_I1005865,CD_T8787,2025,2,Jessica Hosking,FWD,Eagles,0,0,12,0,7,6,0,,0,0,62,0
CD_I1005866,CD_T9407,2025,2,Ainslie Kemp,DEF,Hawks,0,0,9,6,10,10,5,120,60,0,59,0
CD_I1005955,CD_T9409,2025,2,Justine Mules-Robinson,FWD,Power,0,0,18,0,9,5,0,,0,0,47,0
CD_I1006666,CD_T8788,2025,2,Sarah Hosking,FWD,Richmond,0,0,12,0,5,4,0,,0,0,66,0
CD_I1006996,CD_T8788,2025,2,Lauren Brazzale,MID,Richmond,0,0,12,0,5,4,0,,0,0,66,0
CD_I1006997,CD_T9406,2025,2,Stephanie Cain,MID,Bombers,12,100,12,0,1,1,0,,0,0,61,0
CD_I1007001,CD_T8467,2025,2,Kate Darby,RUC,Cats,0,0,16,0,5,3,0,,0,0,67,0
CD_I1007006,CD_T9408,2025,2,Jas Grierson,DEF,Swans,0,0,22,2,3,3,2,100,66.6666666666667,0,56,0
CD_I1007011,CD_T7386,2025,2,Sarah Lampard,MID,Demons,0,0,19,5,3,2,5,100,166.666666666667,0,64,0
CD_I1007017,CD_T9407,2025,2,Tilly Lucas-Rodd,DEF,Hawks,0,0,9,10,10,10,9,111.111111111111,100,0,59,0
CD_I1007023,CD_T8096,2025,2,Breann Harrington,RUC,Blues,7,77.7777777777778,9,0,12,7,0,,0,57,59,96.6101694915254
CD_I1007025,CD_T8796,2025,2,Natalie Plane,DEF,St Kilda,0,0,19,0,11,9,0,,0,0,64,0
CD_I1007026,CD_T8096,2025,2,Gabriella Pound,DEF,Blues,0,0,9,0,12,7,0,,0,0,59,0
CD_I1007027,CD_T8097,2025,2,Ruby Schleicher,MID,Magpies,20,166.666666666667,12,0,1,0,0,,0,0,63,0
CD_I1007028,CD_T8467,2025,2,Shelley Scott,FWD,Cats,0,0,16,0,5,3,0,,0,0,67,0
CD_I1007029,CD_T8787,2025,2,Belinda Smith,DEF,Eagles,0,0,12,0,7,6,0,,0,0,62,0
CD_I1007030,CD_T8786,2025,2,Jamie Stanton,FWD,SUNS,0,0,22,0,13,9,0,,0,0,56,0
CD_I1007130,CD_T7887,2025,2,Shannon Campbell,DEF,Lions,0,0,25,9,5,2,3,300,180,0,62,0
CD_I1007138,CD_T8466,2025,2,Kate Shierlaw,FWD,Kangaroos,0,0,18,0,3,2,0,,0,5,47,10.6382978723404
CD_I1007141,CD_T9409,2025,2,Gemma Houghton,FWD,Power,0,0,18,0,9,5,0,,0,2,47,4.25531914893617
CD_I1007144,CD_T7886,2025,2,Gabby O'Sullivan,FWD,Dockers,0,0,25,1,3,2,1,100,33.3333333333333,0,62,0
CD_I1007151,CD_T7889,2025,2,Aliesha Newman,MID,GIANTS,0,0,12,0,9,8,0,,0,0,63,0
CD_I1007152,CD_T8096,2025,2,Harriet Cordner,DEF,Blues,0,0,9,0,12,7,0,,0,0,59,0
CD_I1007155,CD_T8467,2025,2,Meghan McDonald,DEF,Cats,0,0,16,0,5,3,0,,0,0,67,0
CD_I1007157,CD_T8466,2025,2,Libby Birch,DEF,Kangaroos,0,0,18,2,3,2,2,100,66.6666666666667,0,47,0
CD_I1007313,CD_T8098,2025,2,Jess Allan,RUC,Crows,25,156.25,16,0,9,9,0,,0,87,67,129.850746268657
CD_I1007327,CD_T8788,2025,2,Montana McKinnon,RUC,Richmond,0,0,12,0,5,4,0,,0,0,66,0
CD_I1007342,CD_T8467,2025,2,Chloe Scheer,FWD,Cats,0,0,16,0,5,3,0,,0,0,67,0
CD_I1007360,CD_T9409,2025,2,Ebony O'Dea,DEF,Power,0,0,18,0,9,5,0,,0,0,47,0
CD_I1009764,CD_T7386,2025,2,Eden Zanker,FWD,Demons,5,26.3157894736842,19,0,3,2,0,,0,10,64,15.625
CD_I1009765,CD_T9406,2025,2,Sophie Van De Heuvel,DEF,Bombers,0,0,12,4,1,1,4,100,400,0,61,0
CD_I1009770,CD_T8786,2025,2,Elise Barwick,MID,SUNS,0,0,22,0,13,9,0,,0,0,56,0
CD_I1009772,CD_T8466,2025,2,Mia King,MID,Kangaroos,27,150,18,0,3,2,0,,0,0,47,0
CD_I1009794,CD_T8098,2025,2,Danielle Ponter,FWD,Crows,16,100,16,0,9,9,0,,0,0,67,0
CD_I1009798,CD_T8097,2025,2,Mattea Breed,MID,Magpies,0,0,12,0,1,0,0,,0,0,63,0
CD_I1009799,CD_T7889,2025,2,Alyce Parker,MID,GIANTS,8,66.6666666666667,12,0,9,8,0,,0,0,63,0
CD_I1009801,CD_T7889,2025,2,Haneen Zreika,FWD,GIANTS,0,0,12,0,9,8,0,,0,0,63,0
CD_I1009803,CD_T9408,2025,2,Alexia Hamilton,RUC,Swans,0,0,22,0,3,3,0,,0,0,56,0
CD_I1009805,CD_T7387,2025,2,Maggie Gorham,DEF,Bulldogs,0,0,12,0,3,2,0,,0,0,67,0
CD_I1009813,CD_T9408,2025,2,Brenna Tarrant,DEF,Swans,0,0,22,0,3,3,0,,0,0,56,0
CD_I1009822,CD_T7889,2025,2,Georgia Garnett,FWD,GIANTS,0,0,12,0,9,8,0,,0,0,63,0
CD_I1009824,CD_T7887,2025,2,Lily Postlethwaite,DEF,Lions,0,0,25,0,5,2,0,,0,0,62,0
CD_I1009827,CD_T7887,2025,2,Dion Heslop,DEF,Lions,0,0,25,0,5,2,0,,0,0,62,0
CD_I1009828,CD_T7887,2025,2,Jade Ellenger,DEF,Lions,0,0,25,0,5,2,0,,0,0,62,0
CD_I1009829,CD_T7387,2025,2,Zimmorlei Farquharson,FWD,Bulldogs,0,0,12,0,3,2,0,,0,0,67,0
CD_I1009831,CD_T8097,2025,2,Tarni White,MID,Magpies,0,0,12,1,1,0,1,100,100,0,63,0
CD_I1009833,CD_T7887,2025,2,Isabel Dawes,MID,Lions,30,120,25,0,5,2,0,,0,0,62,0
CD_I1009836,CD_T7887,2025,2,Natalie Grider,DEF,Lions,0,0,25,1,5,2,0,,20,0,62,0
CD_I1009838,CD_T8796,2025,2,Jesse Wardlaw,FWD,St Kilda,5,26.3157894736842,19,0,11,9,0,,0,35,64,54.6875
CD_I1009843,CD_T7887,2025,2,Ellie Hampson,FWD,Lions,9,36,25,0,5,2,0,,0,0,62,0
CD_I1009844,CD_T7887,2025,2,Tahlia Hickie,RUC,Lions,23,92,25,0,5,2,0,,0,67,62,108.064516129032
CD_I1009845,CD_T8097,2025,2,Kalinda Howarth,FWD,Magpies,0,0,12,0,1,0,0,,0,0,63,0
CD_I1009847,CD_T7887,2025,2,Sophie Conway,MID,Lions,3,12,25,0,5,2,0,,0,0,62,0
CD_I1009853,CD_T7386,2025,2,Tyla Hanks,MID,Demons,27,142.105263157895,19,0,3,2,0,,0,0,64,0
CD_I1009854,CD_T7386,2025,2,Denby Taylor,DEF,Demons,0,0,19,0,3,2,0,,0,0,64,0
CD_I1009855,CD_T8796,2025,2,Darcy Guttridge,FWD,St Kilda,0,0,19,0,11,9,0,,0,0,64,0
CD_I1009856,CD_T8788,2025,2,Grace Egan,MID,Richmond,12,100,12,0,5,4,0,,0,0,66,0
CD_I1009857,CD_T9406,2025,2,Georgia Clarke,DEF,Bombers,0,0,12,7,1,1,7,100,700,0,61,0
CD_I1009860,CD_T8467,2025,2,Rebecca Webster,MID,Cats,0,0,16,1,5,3,1,100,20,0,67,0
CD_I1009861,CD_T7386,2025,2,Olivia Purcell,MID,Demons,19,100,19,0,3,2,0,,0,0,64,0
CD_I1009863,CD_T8467,2025,2,Nina Morrison,MID,Cats,28,175,16,0,5,3,0,,0,0,67,0
CD_I1009865,CD_T9408,2025,2,Lucy McEvoy,DEF,Swans,0,0,22,0,3,3,0,,0,0,56,0
CD_I1009866,CD_T8796,2025,2,Rene Caris,RUC,St Kilda,0,0,19,0,11,9,0,,0,0,64,0
CD_I1009867,CD_T8796,2025,2,Georgia Patrikios,MID,St Kilda,22,115.789473684211,19,0,11,9,0,,0,0,64,0
CD_I1009868,CD_T8786,2025,2,Maddy Brancatisano,MID,SUNS,22,100,22,0,13,9,0,,0,0,56,0
CD_I1009873,CD_T8796,2025,2,Olivia Vesely,MID,St Kilda,0,0,19,0,11,9,0,,0,0,64,0
CD_I1009875,CD_T7889,2025,2,Eleanor Brown,DEF,GIANTS,0,0,12,0,9,8,0,,0,0,63,0
CD_I1009880,CD_T8786,2025,2,Charlotte Wilson,DEF,SUNS,0,0,22,0,13,9,0,,0,0,56,0
CD_I1009882,CD_T7886,2025,2,Gabrielle Newton,MID,Dockers,36,144,25,0,3,2,0,,0,0,62,0
CD_I1009885,CD_T9406,2025,2,Madison Prespakis,MID,Bombers,26,216.666666666667,12,0,1,1,0,,0,0,61,0
CD_I1009888,CD_T8096,2025,2,Madeleine Guerin,MID,Blues,2,22.2222222222222,9,0,12,7,0,,0,0,59,0
CD_I1009906,CD_T8467,2025,2,Mikayla Bowen,MID,Cats,0,0,16,0,5,3,0,,0,0,67,0
CD_I1009907,CD_T8787,2025,2,Roxanne Roux,FWD,Eagles,0,0,12,0,7,6,0,,0,0,62,0
CD_I1009910,CD_T7887,2025,2,Courtney Hodder,FWD,Lions,2,8,25,0,5,2,0,,0,0,62,0
CD_I1009962,CD_T7887,2025,2,Poppy Boltz,DEF,Lions,0,0,25,0,5,2,0,,0,0,62,0
CD_I1009963,CD_T8786,2025,2,Lauren Bella,RUC,SUNS,15,68.1818181818182,22,0,13,9,0,,0,37,56,66.0714285714286
CD_I1009976,CD_T9406,2025,2,Maddison Gay,DEF,Bombers,0,0,12,0,1,1,0,,0,0,61,0
CD_I1009977,CD_T8096,2025,2,Kerryn Peterson,DEF,Blues,0,0,9,0,12,7,0,,0,0,59,0
CD_I1009980,CD_T7386,2025,2,Kate Hore,MID,Demons,18,94.7368421052632,19,0,3,2,0,,0,0,64,0
CD_I1010096,CD_T8097,2025,2,Lauren Butler,FWD,Magpies,0,0,12,7,1,0,7,100,700,0,63,0
CD_I1010102,CD_T8097,2025,2,Nell Morris-Dalton,FWD,Magpies,0,0,12,0,1,0,0,,0,0,63,0
CD_I1010103,CD_T7387,2025,2,Isabella Grant,DEF,Bulldogs,0,0,12,0,3,2,0,,0,0,67,0
CD_I1010104,CD_T8788,2025,2,Monique Conti,MID,Richmond,22,183.333333333333,12,0,5,4,0,,0,0,66,0
CD_I1010236,CD_T7386,2025,2,Gabrielle Colvin,DEF,Demons,0,0,19,0,3,2,0,,0,0,64,0
CD_I1010257,CD_T8786,2025,2,Clara Fitzpatrick,DEF,SUNS,0,0,22,0,13,9,0,,0,0,56,0
CD_I1010263,CD_T9408,2025,2,Chloe Molloy,FWD,Swans,10,45.4545454545455,22,0,3,3,0,,0,2,56,3.57142857142857
CD_I1010264,CD_T9406,2025,2,Alexandra Morcom,DEF,Bombers,1,8.33333333333333,12,0,1,1,0,,0,0,61,0
CD_I1010265,CD_T8466,2025,2,Ash Riddell,MID,Kangaroos,27,150,18,0,3,2,0,,0,0,47,0
CD_I1010279,CD_T9406,2025,2,Bess Keaney,MID,Bombers,0,0,12,0,1,1,0,,0,0,61,0
CD_I1010658,CD_T9407,2025,2,Kristy Stratton,FWD,Hawks,0,0,9,0,10,10,0,,0,0,59,0
CD_I1010662,CD_T8786,2025,2,Claudia Whitfort,MID,SUNS,9,40.9090909090909,22,0,13,9,0,,0,0,56,0
CD_I1010663,CD_T7886,2025,2,Ashleigh Brazill,DEF,Dockers,0,0,25,0,3,2,0,,0,0,62,0
CD_I1010677,CD_T8466,2025,2,Kim Rennie,RUC,Kangaroos,24,133.333333333333,18,0,3,2,0,,0,62,47,131.914893617021
CD_I1010686,CD_T7387,2025,2,Elle Bennetts,DEF,Bulldogs,0,0,12,0,3,2,0,,0,0,67,0
CD_I1010688,CD_T8788,2025,2,Maddie Shevlin,MID,Richmond,0,0,12,1,5,4,0,,20,0,66,0
CD_I1010689,CD_T7387,2025,2,Naomi Ferres,FWD,Bulldogs,0,0,12,0,3,2,0,,0,0,67,0
CD_I1010690,CD_T9406,2025,2,Bonnie Toogood,FWD,Bombers,0,0,12,0,1,1,0,,0,7,61,11.4754098360656
CD_I1011057,CD_T8098,2025,2,Teah Charlton,MID,Crows,3,18.75,16,0,9,9,0,,0,0,67,0
CD_I1011062,CD_T9409,2025,2,Cheyenne Hammond,DEF,Power,0,0,18,0,9,5,0,,0,0,47,0
CD_I1011069,CD_T8098,2025,2,Hannah Munyard,FWD,Crows,0,0,16,0,9,9,0,,0,0,67,0
CD_I1011078,CD_T8098,2025,2,Abbie Ballard,FWD,Crows,0,0,16,0,9,9,0,,0,0,67,0
CD_I1011080,CD_T8098,2025,2,Chelsea Biddell,DEF,Crows,0,0,16,11,9,9,11,100,122.222222222222,0,67,0
CD_I1011091,CD_T8098,2025,2,Rachelle Martin,MID,Crows,0,0,16,0,9,9,0,,0,0,67,0
CD_I1011095,CD_T8098,2025,2,Madison Newman,MID,Crows,0,0,16,1,9,9,1,100,11.1111111111111,0,67,0
CD_I1012234,CD_T8097,2025,2,Mikayla Hyde,FWD,Magpies,0,0,12,0,1,0,0,,0,0,63,0
CD_I1012236,CD_T7886,2025,2,Sarah Verrier,DEF,Dockers,0,0,25,1,3,2,1,100,33.3333333333333,0,62,0
CD_I1012241,CD_T9409,2025,2,Abbey Dowrick,MID,Power,24,133.333333333333,18,0,9,5,0,,0,1,47,2.12765957446809
CD_I1012242,CD_T7886,2025,2,Emma O'Driscoll,DEF,Dockers,0,0,25,0,3,2,0,,0,0,62,0
CD_I1012248,CD_T7886,2025,2,Philipa Seth,FWD,Dockers,2,8,25,0,3,2,0,,0,0,62,0
CD_I1012253,CD_T9409,2025,2,Jasmin Stewart,FWD,Power,0,0,18,0,9,5,0,,0,0,47,0
CD_I1012259,CD_T8787,2025,2,Jaide Britton,MID,Eagles,0,0,12,0,7,6,0,,0,0,62,0
CD_I1012549,CD_T7889,2025,2,Chloe Dalton,DEF,GIANTS,0,0,12,0,9,8,0,,0,0,63,0
CD_I1012555,CD_T8096,2025,2,Celine Moody,FWD,Blues,0,0,9,0,12,7,0,,0,0,59,0
CD_I1012558,CD_T9406,2025,2,Brooke Walker,MID,Bombers,0,0,12,0,1,1,0,,0,0,61,0
CD_I1012560,CD_T8467,2025,2,Chantel Emonson,DEF,Cats,0,0,16,0,5,3,0,,0,0,67,0
CD_I1012575,CD_T9407,2025,2,Casey Sherriff,MID,Hawks,6,66.6666666666667,9,0,10,10,0,,0,0,59,0
CD_I1012580,CD_T9406,2025,2,Sophie Alexander,FWD,Bombers,0,0,12,0,1,1,0,,0,4,61,6.55737704918033
CD_I1012581,CD_T7886,2025,2,Gabrielle Biedenweg-Webster,FWD,Dockers,0,0,25,0,3,2,0,,0,0,62,0
CD_I1012595,CD_T7387,2025,2,Vaomua Laloifi,DEF,Bulldogs,0,0,12,0,3,2,0,,0,0,67,0
CD_I1012637,CD_T8097,2025,2,Mikala Cann,MID,Magpies,8,66.6666666666667,12,0,1,0,0,,0,0,63,0
CD_I1012640,CD_T8467,2025,2,Julia Crockett-Grills,MID,Cats,5,31.25,16,0,5,3,0,,0,0,67,0
CD_I1012661,CD_T7387,2025,2,Lauren Ahrens,DEF,Bulldogs,0,0,12,4,3,2,2,200,133.333333333333,0,67,0
CD_I1012662,CD_T8097,2025,2,Airlie Runnalls,MID,Magpies,0,0,12,0,1,0,0,,0,0,63,0
CD_I1012668,CD_T8788,2025,2,Caitlin Greiser,FWD,Richmond,5,41.6666666666667,12,0,5,4,0,,0,32,66,48.4848484848485
CD_I1012692,CD_T8788,2025,2,Kate Dempsey,MID,Richmond,0,0,12,0,5,4,0,,0,0,66,0
CD_I1012694,CD_T7387,2025,2,Alice Edmonds,RUC,Bulldogs,22,183.333333333333,12,0,3,2,0,,0,107,67,159.701492537313
CD_I1012700,CD_T8788,2025,2,Beth Lynch,DEF,Richmond,0,0,12,0,5,4,0,,0,0,66,0
CD_I1012709,CD_T8096,2025,2,Tara Bohanna,FWD,Blues,0,0,9,0,12,7,0,,0,7,59,11.864406779661
CD_I1012712,CD_T8787,2025,2,Alison Drennan,MID,Eagles,18,150,12,0,7,6,0,,0,0,62,0
CD_I1012713,CD_T7386,2025,2,Shelley Heath,DEF,Demons,19,100,19,0,3,2,0,,0,0,64,0
CD_I1012716,CD_T8097,2025,2,Selena Karlson,DEF,Magpies,0,0,12,0,1,0,0,,0,0,63,0
CD_I1012957,CD_T9408,2025,2,Alice Mitchell,DEF,Swans,0,0,22,2,3,3,2,100,66.6666666666667,0,56,0
CD_I1012987,CD_T8796,2025,2,Serene Watson,DEF,St Kilda,0,0,19,13,11,9,8,162.5,118.181818181818,0,64,0
CD_I1012989,CD_T7887,2025,2,Taylor Smith,FWD,Lions,0,0,25,0,5,2,0,,0,13,62,20.9677419354839
CD_I1012994,CD_T7886,2025,2,Bella R. Smith,FWD,Dockers,0,0,25,0,3,2,0,,0,1,62,1.61290322580645
CD_I1013015,CD_T9407,2025,2,Tamara Smith,DEF,Hawks,0,0,9,0,10,10,0,,0,0,59,0
CD_I1013017,CD_T8796,2025,2,Molly McDonald,MID,St Kilda,1,5.26315789473684,19,0,11,9,0,,0,0,64,0
CD_I1013026,CD_T7387,2025,2,Elisabeth Georgostathis,DEF,Bulldogs,11,91.6666666666667,12,0,3,2,0,,0,0,67,0
CD_I1013027,CD_T8096,2025,2,Abbie McKay,MID,Blues,19,211.111111111111,9,0,12,7,0,,0,0,59,0
CD_I1013028,CD_T8786,2025,2,Katie Lynch,DEF,SUNS,0,0,22,0,13,9,0,,0,0,56,0
CD_I1013032,CD_T7387,2025,2,Britney Gutknecht,DEF,Bulldogs,0,0,12,5,3,2,5,100,166.666666666667,0,67,0
CD_I1013120,CD_T8466,2025,2,Nicole Bresnehan,DEF,Kangaroos,0,0,18,0,3,2,0,,0,0,47,0
CD_I1013442,CD_T8466,2025,2,Jasmine Ferguson,DEF,Kangaroos,0,0,18,0,3,2,0,,0,0,47,0
CD_I1013522,CD_T9406,2025,2,Georgia Nanscawen,MID,Bombers,30,250,12,0,1,1,0,,0,0,61,0
CD_I1013706,CD_T8097,2025,2,Sarah Rowe,MID,Magpies,0,0,12,0,1,0,0,,0,0,63,0
CD_I1013933,CD_T8467,2025,2,Georgie Rankin,DEF,Cats,0,0,16,4,5,3,3,133.333333333333,80,0,67,0
CD_I1013937,CD_T7886,2025,2,Angelique Stannett,FWD,Dockers,0,0,25,0,3,2,0,,0,0,62,0
CD_I1013943,CD_T8466,2025,2,Tessa Boyd,DEF,Kangaroos,0,0,18,0,3,2,0,,0,0,47,0
CD_I1014034,CD_T7886,2025,2,Aisling McCarthy,MID,Dockers,31,124,25,0,3,2,0,,0,0,62,0
CD_I1014359,CD_T9408,2025,2,Laura Gardiner,MID,Swans,31,140.909090909091,22,0,3,3,0,,0,0,56,0
CD_I1014367,CD_T7386,2025,2,Alyssa Bannan,FWD,Demons,0,0,19,0,3,2,0,,0,0,64,0
CD_I1014372,CD_T7387,2025,2,Jessica Fitzgerald,MID,Bulldogs,20,166.666666666667,12,2,3,2,2,100,66.6666666666667,0,67,0
CD_I1014373,CD_T8096,2025,2,Ciara Fitzgerald,DEF,Blues,0,0,9,1,12,7,1,100,8.33333333333333,0,59,0
CD_I1014375,CD_T8788,2025,2,Ellie McKenzie,MID,Richmond,23,191.666666666667,12,0,5,4,0,,0,0,66,0
CD_I1014556,CD_T8796,2025,2,Hannah Priest,DEF,St Kilda,0,0,19,0,11,9,0,,0,0,64,0
CD_I1014559,CD_T9407,2025,2,Najwa Allen,DEF,Hawks,0,0,9,0,10,10,0,,0,0,59,0
CD_I1014599,CD_T8098,2025,2,Caitlin Gould,FWD,Crows,2,12.5,16,0,9,9,0,,0,20,67,29.8507462686567
CD_I1014618,CD_T9409,2025,2,Tiffany King,,Power,0,0,18,0,9,5,0,,0,0,47,0
CD_I1014624,CD_T9409,2025,2,Indy Tahau,FWD,Power,0,0,18,2,9,5,2,100,22.2222222222222,0,47,0
CD_I1014628,CD_T7889,2025,2,Taylah Levy,FWD,GIANTS,0,0,12,0,9,8,0,,0,0,63,0
CD_I1014662,CD_T8098,2025,2,Kiera Mueller,DEF,Crows,0,0,16,1,9,9,1,100,11.1111111111111,0,67,0
CD_I1014663,CD_T8098,2025,2,Zoe Prowse,DEF,Crows,0,0,16,0,9,9,0,,0,0,67,0
CD_I1014781,CD_T8788,2025,2,Emelia Yassir,FWD,Richmond,0,0,12,0,5,4,0,,0,0,66,0
CD_I1014785,CD_T8467,2025,2,Zali Friswell,FWD,Cats,0,0,16,0,5,3,0,,0,0,67,0
CD_I1014793,CD_T7386,2025,2,Tahlia Gillard,DEF,Demons,0,0,19,0,3,2,0,,0,0,64,0
CD_I1014810,CD_T8467,2025,2,Georgie Prespakis,MID,Cats,29,181.25,16,0,5,3,0,,0,0,67,0
CD_I1014835,CD_T8796,2025,2,Tyanna Smith,MID,St Kilda,23,121.052631578947,19,0,11,9,0,,0,0,64,0
CD_I1014841,CD_T8796,2025,2,Ashleigh Richards,FWD,St Kilda,0,0,19,0,11,9,0,,0,0,64,0
CD_I1014869,CD_T9407,2025,2,Jenna Richardson,DEF,Hawks,0,0,9,0,10,10,0,,0,0,59,0
CD_I1014873,CD_T8096,2025,2,Tarni Brown,FWD,Blues,0,0,9,0,12,7,0,,0,0,59,0
CD_I1014882,CD_T8788,2025,2,Laura McClelland,FWD,Richmond,0,0,12,0,5,4,0,,0,0,66,0
CD_I1014904,CD_T7386,2025,2,Megan Fitzsimon,MID,Demons,8,42.1052631578947,19,0,3,2,0,,0,0,64,0
CD_I1014917,CD_T8097,2025,2,Lily-Rose Williamson,MID,Magpies,1,8.33333333333333,12,0,1,0,0,,0,0,63,0
CD_I1014962,CD_T8796,2025,2,Ella Friend,DEF,St Kilda,0,0,19,3,11,9,3,100,27.2727272727273,0,64,0
CD_I1014991,CD_T8096,2025,2,Keeley Skepper,MID,Blues,0,0,9,0,12,7,0,,0,0,59,0
CD_I1015012,CD_T9408,2025,2,Ally Morphett,RUC,Swans,29,131.818181818182,22,0,3,3,0,,0,76,56,135.714285714286
CD_I1015025,CD_T7386,2025,2,Georgia Gall,FWD,Demons,0,0,19,0,3,2,0,,0,0,64,0
CD_I1015029,CD_T7386,2025,2,Maeve Chaplin,DEF,Demons,0,0,19,2,3,2,2,100,66.6666666666667,0,64,0
CD_I1015047,CD_T8096,2025,2,Mimi Hill,MID,Blues,18,200,9,0,12,7,0,,0,0,59,0
CD_I1015053,CD_T8097,2025,2,Alana Porter,FWD,Magpies,0,0,12,0,1,0,0,,0,0,63,0
CD_I1015060,CD_T8796,2025,2,Nicola Xenos,MID,St Kilda,0,0,19,0,11,9,0,,0,0,64,0
CD_I1015068,CD_T8786,2025,2,Charlie Rowbottom,MID,SUNS,26,118.181818181818,22,0,13,9,0,,0,1,56,1.78571428571429
CD_I1015070,CD_T8097,2025,2,Eliza James,FWD,Magpies,0,0,12,0,1,0,0,,0,0,63,0
CD_I1015088,CD_T7386,2025,2,Elizabeth McNamara,MID,Demons,3,15.7894736842105,19,0,3,2,0,,0,0,64,0
CD_I1015091,CD_T7387,2025,2,Sarah Hartwig,FWD,Bulldogs,0,0,12,0,3,2,0,,0,0,67,0
CD_I1015094,CD_T8796,2025,2,Alice Burke,DEF,St Kilda,0,0,19,0,11,9,0,,0,0,64,0
CD_I1015097,CD_T8466,2025,2,Bella Eddey,MID,Kangaroos,0,0,18,0,3,2,0,,0,0,47,0
CD_I1015105,CD_T7889,2025,2,Daisy Walker,DEF,GIANTS,0,0,12,0,9,8,0,,0,0,63,0
CD_I1015124,CD_T8466,2025,2,Ruby Tripodi,MID,Kangaroos,20,111.111111111111,18,0,3,2,0,,0,0,47,0
CD_I1015137,CD_T7387,2025,2,Isabelle Pritchard,MID,Bulldogs,19,158.333333333333,12,0,3,2,0,,0,0,67,0
CD_I1015147,CD_T8796,2025,2,Charlotte Baskaran,MID,St Kilda,0,0,19,0,11,9,0,,0,0,64,0
CD_I1015152,CD_T9408,2025,2,Montana Ham,FWD,Swans,19,86.3636363636364,22,0,3,3,0,,0,1,56,1.78571428571429
CD_I1015163,CD_T8796,2025,2,Kiera Whiley,DEF,St Kilda,0,0,19,0,11,9,0,,0,0,64,0
CD_I1015174,CD_T9408,2025,2,Ash Van Loon,DEF,Swans,0,0,22,0,3,3,0,,0,0,56,0
CD_I1015175,CD_T8466,2025,2,Tess Craven,FWD,Kangaroos,0,0,18,3,3,2,2,150,100,0,47,0
CD_I1015181,CD_T9408,2025,2,Darcy Moloney,MID,Swans,14,63.6363636363636,22,0,3,3,0,,0,0,56,0
CD_I1015182,CD_T9406,2025,2,Mia Van Dyke,DEF,Bombers,0,0,12,0,1,1,0,,0,0,61,0
CD_I1015189,CD_T7387,2025,2,Keeley Hardingham,RUC,Bulldogs,0,0,12,0,3,2,0,,0,0,67,0
CD_I1015193,CD_T8467,2025,2,Gabbi Featherston,FWD,Cats,0,0,16,0,5,3,0,,0,0,67,0
CD_I1015195,CD_T8097,2025,2,Annie Lee,DEF,Magpies,0,0,12,0,1,0,0,,0,0,63,0
CD_I1015201,CD_T7387,2025,2,Analea McKee,RUC,Bulldogs,0,0,12,0,3,2,0,,0,0,67,0
CD_I1016781,CD_T8786,2025,2,Ella Maurer,FWD,SUNS,0,0,22,7,13,9,7,100,53.8461538461539,0,56,0
CD_I1016865,CD_T8788,2025,2,Poppy Kelly,RUC,Richmond,23,191.666666666667,12,0,5,4,0,,0,93,66,140.909090909091
CD_I1016868,CD_T8796,2025,2,Hannah Stuart,DEF,St Kilda,0,0,19,0,11,9,0,,0,0,64,0
CD_I1016904,CD_T8466,2025,2,Sarah Wright,DEF,Kangaroos,0,0,18,0,3,2,0,,0,0,47,0
CD_I1016938,CD_T7887,2025,2,Ruby Svarc,FWD,Lions,0,0,25,0,5,2,0,,0,0,62,0
CD_I1016956,CD_T7889,2025,2,Vivien Saad,DEF,GIANTS,0,0,12,0,9,8,0,,0,0,63,0
CD_I1016971,CD_T7387,2025,2,Ellie Gavalas,MID,Bulldogs,0,0,12,0,3,2,0,,0,0,67,0
CD_I1017023,CD_T8788,2025,2,Rebecca Miller,DEF,Richmond,0,0,12,2,5,4,2,100,40,1,66,1.51515151515152
CD_I1017025,CD_T8788,2025,2,Gabby Seymour,DEF,Richmond,0,0,12,1,5,4,1,100,20,0,66,0
CD_I1017029,CD_T8097,2025,2,Grace Campbell,FWD,Magpies,0,0,12,0,1,0,0,,0,0,63,0
CD_I1017286,CD_T7889,2025,2,Emily Pease,DEF,GIANTS,0,0,12,11,9,8,10,110,122.222222222222,0,63,0
CD_I1017292,CD_T7889,2025,2,Tarni Evans,FWD,GIANTS,0,0,12,0,9,8,0,,0,0,63,0
CD_I1017314,CD_T8786,2025,2,Daisy D'Arcy,DEF,SUNS,0,0,22,0,13,9,0,,0,0,56,0
CD_I1017322,CD_T8786,2025,2,Wallis Randell,DEF,SUNS,0,0,22,5,13,9,1,500,38.4615384615385,0,56,0
CD_I1017328,CD_T8098,2025,2,Lily Tarlinton,FWD,Crows,0,0,16,0,9,9,0,,0,0,67,0
CD_I1017333,CD_T8787,2025,2,Isabella Lewis,MID,Eagles,1,8.33333333333333,12,0,7,6,0,,0,0,62,0
CD_I1017342,CD_T8787,2025,2,Sophie McDonald,DEF,Eagles,0,0,12,0,7,6,0,,0,0,62,0
CD_I1017347,CD_T7886,2025,2,Mim Strom,RUC,Dockers,34,136,25,0,3,2,0,,0,107,62,172.58064516129
CD_I1017514,CD_T8787,2025,2,Liz McGrath,RUC,Eagles,21,175,12,0,7,6,0,,0,85,62,137.096774193548
CD_I1018403,CD_T8466,2025,2,Eilish Sheerin,MID,Kangaroos,0,0,18,0,3,2,0,,0,0,47,0
CD_I1018405,CD_T8467,2025,2,Jacqueline Parry,FWD,Cats,0,0,16,0,5,3,0,,0,11,67,16.4179104477612
CD_I1018874,CD_T8098,2025,2,Niamh Kelly,MID,Crows,3,18.75,16,0,9,9,0,,0,0,67,0
CD_I1018875,CD_T8098,2025,2,Grace Kelly,MID,Crows,0,0,16,0,9,9,0,,0,0,67,0
CD_I1018949,CD_T7886,2025,2,Aine Tighe,FWD,Dockers,0,0,25,0,3,2,0,,0,0,62,0
CD_I1018953,CD_T9407,2025,2,Aileen Gilroy,FWD,Hawks,0,0,9,0,10,10,0,,0,0,59,0
CD_I1018955,CD_T8467,2025,2,Kate Surman,FWD,Cats,0,0,16,0,5,3,0,,0,0,67,0
CD_I1018966,CD_T7386,2025,2,Sinead Goldrick,MID,Demons,0,0,19,0,3,2,0,,0,0,64,0
CD_I1019034,CD_T7887,2025,2,Orla O'Dwyer,MID,Lions,0,0,25,0,5,2,0,,0,0,62,0
CD_I1019035,CD_T9407,2025,2,Greta Bodey,FWD,Hawks,0,0,9,0,10,10,0,,0,0,59,0
CD_I1019053,CD_T7887,2025,2,Catherine Svarc,MID,Lions,16,64,25,0,5,2,0,,0,0,62,0
CD_I1019057,CD_T7887,2025,2,Dakota Davidson,FWD,Lions,0,0,25,0,5,2,0,,0,0,62,0
CD_I1019059,CD_T9409,2025,2,Maria Moloney,MID,Power,11,61.1111111111111,18,0,9,5,0,,0,0,47,0
CD_I1019060,CD_T9409,2025,2,Janelle Cuthbertson,DEF,Power,0,0,18,0,9,5,0,,0,0,47,0
CD_I1019431,CD_T8098,2025,2,Brooke Tonon,FWD,Crows,0,0,16,1,9,9,1,100,11.1111111111111,0,67,0
CD_I1019456,CD_T8098,2025,2,Keeley Kustermann,FWD,Crows,0,0,16,0,9,9,0,,0,0,67,0
CD_I1019503,CD_T8098,2025,2,Hannah Ewings,FWD,Crows,0,0,16,0,9,9,0,,0,0,67,0
CD_I1019509,CD_T9409,2025,2,Katelyn Pope,MID,Power,0,0,18,0,9,5,0,,0,0,47,0
CD_I1019681,CD_T8788,2025,2,Charley Ryan,FWD,Richmond,0,0,12,0,5,4,0,,0,0,66,0
CD_I1019689,CD_T8796,2025,2,Amber Clarke,FWD,St Kilda,9,47.3684210526316,19,0,11,9,0,,0,0,64,0
CD_I1019693,CD_T8098,2025,2,Brooke Smith,DEF,Crows,0,0,16,0,9,9,0,,0,0,67,0
CD_I1019700,CD_T9407,2025,2,Mackenzie Eardley,FWD,Hawks,0,0,9,0,10,10,0,,0,10,59,16.9491525423729
CD_I1019705,CD_T9406,2025,2,Mia Busch,DEF,Bombers,0,0,12,0,1,1,0,,0,0,61,0
CD_I1019711,CD_T8096,2025,2,Keeley Sherar,MID,Blues,19,211.111111111111,9,0,12,7,0,,0,0,59,0
CD_I1019713,CD_T7386,2025,2,Georgia Campbell,RUC,Demons,12,63.1578947368421,19,0,3,2,0,,0,42,64,65.625
CD_I1019724,CD_T8097,2025,2,Carly Remmos,MID,Magpies,18,150,12,0,1,0,0,,0,0,63,0
CD_I1019734,CD_T8796,2025,2,Charlotte Simpson,MID,St Kilda,0,0,19,0,11,9,0,,0,0,64,0
CD_I1019736,CD_T8096,2025,2,Yasmin Duursma,DEF,Blues,0,0,9,0,12,7,0,,0,0,59,0
CD_I1019762,CD_T8788,2025,2,Paige Scott,FWD,Richmond,0,0,12,0,5,4,0,,0,0,66,0
CD_I1019806,CD_T7386,2025,2,Jemma Rigoni,DEF,Demons,0,0,19,0,3,2,0,,0,0,64,0
CD_I1019811,CD_T8466,2025,2,Alice O'Loughlin,FWD,Kangaroos,0,0,18,0,3,2,0,,0,0,47,0
CD_I1019817,CD_T8097,2025,2,Charlotte Taylor,DEF,Magpies,0,0,12,0,1,0,0,,0,0,63,0
CD_I1019819,CD_T8096,2025,2,Brooke Vickers,MID,Blues,0,0,9,0,12,7,0,,0,0,59,0
CD_I1019821,CD_T9407,2025,2,Jasmine Fleming,MID,Hawks,6,66.6666666666667,9,0,10,10,0,,0,0,59,0
CD_I1019828,CD_T9407,2025,2,Keely Coyne,DEF,Hawks,0,0,9,0,10,10,0,,0,0,59,0
CD_I1019830,CD_T9407,2025,2,Bridie Hipwell,FWD,Hawks,2,22.2222222222222,9,0,10,10,0,,0,0,59,0
CD_I1019834,CD_T9408,2025,2,Sofia Hurley,MID,Swans,18,81.8181818181818,22,0,3,3,0,,0,0,56,0
CD_I1019848,CD_T7889,2025,2,Meghan Gaffney,FWD,GIANTS,0,0,12,0,9,8,0,,0,0,63,0
CD_I1019849,CD_T7889,2025,2,Claire Ransom,MID,GIANTS,0,0,12,0,9,8,0,,0,0,63,0
CD_I1019883,CD_T9407,2025,2,Laura Elliott,DEF,Hawks,0,0,9,0,10,10,0,,0,0,59,0
CD_I1019887,CD_T8096,2025,2,Amelia Velardo,DEF,Blues,0,0,9,5,12,7,4,125,41.6666666666667,0,59,0
CD_I1021365,CD_T8786,2025,2,Annabel Kievit,MID,SUNS,0,0,22,0,13,9,0,,0,2,56,3.57142857142857
CD_I1021367,CD_T8796,2025,2,J'Noemi Anderson,MID,St Kilda,5,26.3157894736842,19,0,11,9,0,,0,0,64,0
CD_I1021399,CD_T7886,2025,2,Jessica Low,DEF,Dockers,0,0,25,0,3,2,0,,0,0,62,0
CD_I1021409,CD_T9406,2025,2,Matilda Dyke,RUC,Bombers,20,166.666666666667,12,0,1,1,0,,0,44,61,72.1311475409836
CD_I1021410,CD_T7886,2025,2,Dana East,MID,Dockers,14,56,25,0,3,2,0,,0,1,62,1.61290322580645
CD_I1021411,CD_T8787,2025,2,Amy Franklin,FWD,Eagles,0,0,12,0,7,6,0,,0,1,62,1.61290322580645
CD_I1021412,CD_T9406,2025,2,Maggie MacLachlan,MID,Bombers,2,16.6666666666667,12,0,1,1,0,,0,0,61,0
CD_I1021415,CD_T8787,2025,2,Courtney Rowley,MID,Eagles,1,8.33333333333333,12,0,7,6,0,,0,0,62,0
CD_I1021416,CD_T8787,2025,2,Beth Schilling,DEF,Eagles,0,0,12,0,7,6,0,,0,0,62,0
CD_I1021417,CD_T7886,2025,2,Poppy Stockwell,FWD,Dockers,0,0,25,0,3,2,0,,0,0,62,0
CD_I1021419,CD_T8787,2025,2,Charlotte Thomas,DEF,Eagles,0,0,12,12,7,6,9,133.333333333333,171.428571428571,0,62,0
CD_I1021436,CD_T7889,2025,2,Mikayla Pauga,MID,GIANTS,4,33.3333333333333,12,0,9,8,0,,0,1,63,1.58730158730159
CD_I1021441,CD_T7887,2025,2,Charlotte Mullins,FWD,Lions,0,0,25,0,5,2,0,,0,0,62,0
CD_I1021454,CD_T8467,2025,2,Caitlin Thorne,FWD,Cats,2,12.5,16,0,5,3,0,,0,0,67,0
CD_I1021456,CD_T8786,2025,2,Lucy Single,MID,SUNS,27,122.727272727273,22,0,13,9,0,,0,0,56,0
CD_I1021460,CD_T9408,2025,2,Giselle Davies,RUC,Swans,0,0,22,0,3,3,0,,0,0,56,0
CD_I1021524,CD_T8788,2025,2,Libby Graham,DEF,Richmond,0,0,12,1,5,4,1,100,20,0,66,0
CD_I1021527,CD_T9406,2025,2,Brooke Brown,DEF,Bombers,0,0,12,0,1,1,0,,0,0,61,0
CD_I1021528,CD_T8466,2025,2,Amy Smith,MID,Kangaroos,0,0,18,0,3,2,0,,0,0,47,0
CD_I1021529,CD_T8788,2025,2,Tessa Lavey,MID,Richmond,0,0,12,0,5,4,0,,0,0,66,0
CD_I1021530,CD_T7887,2025,2,Shanae Davison,FWD,Lions,0,0,25,1,5,2,1,100,20,0,62,0
CD_I1021793,CD_T8796,2025,2,Paige Trudgeon,DEF,St Kilda,0,0,19,0,11,9,0,,0,1,64,1.5625
CD_I1021819,CD_T9407,2025,2,Sophie Butterworth,FWD,Hawks,0,0,9,0,10,10,0,,0,0,59,0
CD_I1021822,CD_T9407,2025,2,Mikayla Williamson,MID,Hawks,0,0,9,0,10,10,0,,0,0,59,0
CD_I1021824,CD_T9407,2025,2,Hayley McLaughlin,FWD,Hawks,0,0,9,0,10,10,0,,0,0,59,0
CD_I1021827,CD_T7889,2025,2,Indigo Linde,MID,GIANTS,0,0,12,0,9,8,0,,0,0,63,0
CD_I1021828,CD_T7386,2025,2,Alyssia Pisano,FWD,Demons,0,0,19,0,3,2,0,,0,0,64,0
CD_I1021834,CD_T8466,2025,2,Georgia Stubs,DEF,Kangaroos,0,0,18,0,3,2,0,,0,0,47,0
CD_I1021837,CD_T9407,2025,2,Laura Stone,FWD,Hawks,11,122.222222222222,9,0,10,10,0,,0,0,59,0
CD_I1021844,CD_T9407,2025,2,Jess Vukic,RUC,Hawks,4,44.4444444444444,9,0,10,10,0,,0,29,59,49.1525423728814
CD_I1021845,CD_T7386,2025,2,Jacinta Hose,RUC,Demons,0,0,19,0,3,2,0,,0,0,64,0
CD_I1021851,CD_T8788,2025,2,Lulu Beatty,MID,Richmond,0,0,12,0,5,4,0,,0,0,66,0
CD_I1021853,CD_T7387,2025,2,Rylie Wilcox,DEF,Bulldogs,0,0,12,0,3,2,0,,0,0,67,0
CD_I1021878,CD_T8096,2025,2,Lou-Lou Field,DEF,Blues,0,0,9,0,12,7,0,,0,0,59,0
CD_I1021879,CD_T7387,2025,2,Kristie-Lee Weston-Turner,FWD,Bulldogs,0,0,12,0,3,2,0,,0,0,67,0
CD_I1021884,CD_T9408,2025,2,Sarah Grunden,FWD,Swans,0,0,22,0,3,3,0,,0,0,56,0
CD_I1021893,CD_T7387,2025,2,Brooke Barwick,MID,Bulldogs,0,0,12,0,3,2,0,,0,0,67,0
CD_I1021894,CD_T7889,2025,2,Madison Brazendale,MID,GIANTS,0,0,12,0,9,8,0,,0,0,63,0
CD_I1021895,CD_T8097,2025,2,Georgia Clark,FWD,Magpies,0,0,12,0,1,0,0,,0,0,63,0
CD_I1021898,CD_T7886,2025,2,Tunisha Kikoak,FWD,Dockers,0,0,25,0,3,2,0,,0,2,62,3.2258064516129
CD_I1021923,CD_T8788,2025,2,Sierra Grieves,MID,Richmond,0,0,12,0,5,4,0,,0,0,66,0
CD_I1021924,CD_T8096,2025,2,Lila Keck,MID,Blues,0,0,9,0,12,7,0,,0,0,59,0
CD_I1021927,CD_T8467,2025,2,Bryde O'Rourke,FWD,Cats,0,0,16,0,5,3,0,,0,0,67,0
CD_I1021929,CD_T8786,2025,2,Keely Fullerton,DEF,SUNS,0,0,22,0,13,9,0,,0,0,56,0
CD_I1021933,CD_T8467,2025,2,Alexis Gregor,FWD,Cats,0,0,16,0,5,3,0,,0,0,67,0
CD_I1021945,CD_T8796,2025,2,Rebecca Ott,DEF,St Kilda,25,131.578947368421,19,0,11,9,0,,0,81,64,126.5625
CD_I1022101,CD_T8096,2025,2,Eliza Wood,FWD,Blues,0,0,9,0,12,7,0,,0,0,59,0
CD_I1022111,CD_T9407,2025,2,Eliza West,MID,Hawks,16,177.777777777778,9,0,10,10,0,,0,0,59,0
CD_I1022112,CD_T8097,2025,2,Imogen Barnett,FWD,Magpies,24,200,12,0,1,0,0,,0,76,63,120.634920634921
CD_I1022127,CD_T8467,2025,2,Claudia Gunjaca,DEF,Cats,0,0,16,0,5,3,0,,0,0,67,0
CD_I1022133,CD_T8787,2025,2,Annabel Johnson,DEF,Eagles,0,0,12,0,7,6,0,,0,0,62,0
CD_I1022181,CD_T9409,2025,2,Shineah Goody,MID,Power,4,22.2222222222222,18,0,9,5,0,,0,0,47,0
CD_I1022192,CD_T8786,2025,2,Meara Girvan,DEF,SUNS,0,0,22,0,13,9,0,,0,0,56,0
CD_I1022193,CD_T8098,2025,2,Sarah Goodwin,DEF,Crows,5,31.25,16,0,9,9,0,,0,0,67,0
CD_I1022196,CD_T9409,2025,2,Piper Window,FWD,Power,12,66.6666666666667,18,0,9,5,0,,0,0,47,0
CD_I1022203,CD_T7387,2025,2,Elaine Grigg,FWD,Bulldogs,1,8.33333333333333,12,0,3,2,0,,0,0,67,0
CD_I1022210,CD_T9409,2025,2,Sachi Syme,MID,Power,0,0,18,0,9,5,0,,0,0,47,0
CD_I1022220,CD_T9409,2025,2,Molly Brooksby,DEF,Power,0,0,18,11,9,5,7,157.142857142857,122.222222222222,0,47,0
CD_I1022224,CD_T8098,2025,2,Brooke Boileau,FWD,Crows,7,43.75,16,0,9,9,0,,0,0,67,0
CD_I1022236,CD_T8096,2025,2,Jessica Good,RUC,Blues,15,166.666666666667,9,0,12,7,0,,0,62,59,105.084745762712
CD_I1022248,CD_T9409,2025,2,Lauren Young,FWD,Power,0,0,18,0,9,5,0,,0,0,47,0
CD_I1022299,CD_T9409,2025,2,Amelie Borg,DEF,Power,0,0,18,0,9,5,0,,0,0,47,0
CD_I1022350,CD_T9408,2025,2,Cynthia Hamilton,FWD,Swans,2,9.09090909090909,22,0,3,3,0,,0,0,56,0
CD_I1022358,CD_T7889,2025,2,Zarlie Goldsworthy,FWD,GIANTS,25,208.333333333333,12,0,9,8,0,,0,0,63,0
CD_I1022685,CD_T9406,2025,2,Brooke Sheridan,DEF,Bombers,0,0,12,0,1,1,0,,0,0,61,0
CD_I1022689,CD_T8467,2025,2,Bella K. Smith,FWD,Cats,7,43.75,16,0,5,3,0,,0,0,67,0
CD_I1022691,CD_T8786,2025,2,Ella Smith,MID,SUNS,0,0,22,0,13,9,0,,0,0,56,0
CD_I1022695,CD_T7387,2025,2,Jasmyn Smith,MID,Bulldogs,0,0,12,0,3,2,0,,0,0,67,0
CD_I1022701,CD_T8796,2025,2,Alana Gee,MID,St Kilda,0,0,19,0,11,9,0,,0,0,64,0
CD_I1022723,CD_T7889,2025,2,Brodee Mowbray,FWD,GIANTS,0,0,12,0,9,8,0,,0,0,63,0
CD_I1022726,CD_T9409,2025,2,Teagan Germech,DEF,Power,0,0,18,0,9,5,0,,0,6,47,12.7659574468085
CD_I1022736,CD_T7889,2025,2,Jessica Doyle,FWD,GIANTS,0,0,12,0,9,8,0,,0,0,63,0
CD_I1022738,CD_T9408,2025,2,Ruby Sargent-Wilson,DEF,Swans,0,0,22,0,3,3,0,,0,0,56,0
CD_I1022744,CD_T8096,2025,2,Madeline Hendrie,RUC,Blues,0,0,9,0,12,7,0,,0,0,59,0
CD_I1022745,CD_T9409,2025,2,Ella Heads,DEF,Power,11,61.1111111111111,18,0,9,5,0,,0,0,47,0
CD_I1022775,CD_T8787,2025,2,Lucia Painter,MID,Eagles,3,25,12,0,7,6,0,,0,0,62,0
CD_I1022776,CD_T9409,2025,2,Caitlin Wendland,FWD,Power,0,0,18,0,9,5,0,,0,0,47,0
CD_I1022818,CD_T8787,2025,2,Sarah Lakay,RUC,Eagles,2,16.6666666666667,12,0,7,6,0,,0,13,62,20.9677419354839
CD_I1022823,CD_T8787,2025,2,Ella Roberts,MID,Eagles,18,150,12,0,7,6,0,,0,0,62,0
CD_I1022825,CD_T8787,2025,2,Lauren Wakfer,RUC,Eagles,0,0,12,0,7,6,0,,0,13,62,20.9677419354839
CD_I1022885,CD_T8466,2025,2,Taylah Gatt,MID,Kangaroos,0,0,18,0,3,2,0,,0,0,47,0
CD_I1023389,CD_T9406,2025,2,Chloe Adams,MID,Bombers,0,0,12,0,1,1,0,,0,0,61,0
CD_I1023427,CD_T8796,2025,2,Lilu Hung,FWD,St Kilda,0,0,19,0,11,9,0,,0,0,64,0
CD_I1023433,CD_T7889,2025,2,Sara Howley,MID,GIANTS,0,0,12,0,9,8,0,,0,0,63,0
CD_I1023815,CD_T8787,2025,2,Abbygail Bushby,FWD,Eagles,8,66.6666666666667,12,0,7,6,0,,0,0,62,0
CD_I1023842,CD_T9408,2025,2,Zippy Fish,MID,Swans,2,9.09090909090909,22,7,3,3,7,100,233.333333333333,0,56,0
CD_I1023857,CD_T8787,2025,2,Georgie Cleaver,DEF,Eagles,0,0,12,0,7,6,0,,0,0,62,0
CD_I1023943,CD_T9409,2025,2,Matilda Scholz,RUC,Power,27,150,18,0,9,5,0,,0,78,47,165.957446808511
CD_I1023946,CD_T8098,2025,2,Georgia McKee,FWD,Crows,0,0,16,0,9,9,0,,0,0,67,0
CD_I1023948,CD_T8096,2025,2,Poppy Scholz,DEF,Blues,0,0,9,0,12,7,0,,0,0,59,0
CD_I1023950,CD_T9409,2025,2,Alissa Brook,DEF,Power,0,0,18,0,9,5,0,,0,9,47,19.1489361702128
CD_I1023952,CD_T8787,2025,2,Lucy Boyd,DEF,Eagles,0,0,12,0,7,6,0,,0,0,62,0
CD_I1023956,CD_T9409,2025,2,Jemma Charity,FWD,Power,0,0,18,0,9,5,0,,0,0,47,0
CD_I1024085,CD_T8098,2025,2,India Rasheed,MID,Crows,0,0,16,0,9,9,0,,0,0,67,0
CD_I1024294,CD_T9408,2025,2,Lulu Pullar,DEF,Swans,0,0,22,0,3,3,0,,0,0,56,0
CD_I1024296,CD_T8467,2025,2,Rachel Kearns,DEF,Cats,0,0,16,3,5,3,1,300,60,0,67,0
CD_I1024535,CD_T8786,2025,2,Darcie Davies,RUC,SUNS,8,36.3636363636364,22,0,13,9,0,,0,34,56,60.7142857142857
CD_I1024536,CD_T8786,2025,2,Tara Harrington,MID,SUNS,0,0,22,0,13,9,0,,0,0,56,0
CD_I1024541,CD_T8786,2025,2,Sienna McMullen,DEF,SUNS,0,0,22,0,13,9,0,,0,0,56,0
CD_I1024549,CD_T8786,2025,2,Nyalli Milne,MID,SUNS,0,0,22,0,13,9,0,,0,0,56,0
CD_I1024552,CD_T8786,2025,2,Havana Harris,RUC,SUNS,9,40.9090909090909,22,0,13,9,0,,0,6,56,10.7142857142857
CD_I1024553,CD_T7387,2025,2,Kaylee Kimber,DEF,Bulldogs,0,0,12,0,3,2,0,,0,0,67,0
CD_I1024563,CD_T7887,2025,2,Jacinta Baldwick,MID,Lions,0,0,25,0,5,2,0,,0,0,62,0
CD_I1024573,CD_T9408,2025,2,Kiara Hillier,DEF,Swans,0,0,22,0,3,3,0,,0,0,56,0
CD_I1024584,CD_T7889,2025,2,Fleur Davies,RUC,GIANTS,0,0,12,0,9,8,0,,0,0,63,0
CD_I1024636,CD_T7386,2025,2,Lily Johnson,DEF,Demons,0,0,19,0,3,2,0,,0,0,64,0
CD_I1024984,CD_T8788,2025,2,Ally Dallaway,MID,Richmond,11,91.6666666666667,12,0,5,4,0,,0,0,66,0
CD_I1025163,CD_T8786,2025,2,Jacqueline Dupuy,FWD,SUNS,0,0,22,0,13,9,0,,0,0,56,0
CD_I1025419,CD_T8097,2025,2,Ashley Centra,MID,Magpies,5,41.6666666666667,12,0,1,0,0,,0,0,63,0
CD_I1025421,CD_T8097,2025,2,Amber Schutte,DEF,Magpies,0,0,12,0,1,0,0,,0,0,63,0
CD_I1025428,CD_T8787,2025,2,Jessica Rentsch,DEF,Eagles,18,150,12,0,7,6,0,,0,0,62,0
CD_I1025494,CD_T8096,2025,2,Meg Robertson,MID,Blues,0,0,9,0,12,7,0,,0,0,59,0
CD_I1025507,CD_T9407,2025,2,Emily Everist,DEF,Hawks,0,0,9,5,10,10,5,100,50,0,59,0
CD_I1025517,CD_T7387,2025,2,Heidi Woodley,FWD,Bulldogs,0,0,12,0,3,2,0,,0,0,67,0
CD_I1025521,CD_T8796,2025,2,Kyla Forbes,DEF,St Kilda,0,0,19,0,11,9,0,,0,0,64,0
CD_I1025525,CD_T9406,2025,2,Amy Gaylor,MID,Bombers,25,208.333333333333,12,0,1,1,0,,0,0,61,0
CD_I1025526,CD_T8787,2025,2,Kayley Kavanagh,MID,Eagles,2,16.6666666666667,12,0,7,6,0,,0,0,62,0
CD_I1025548,CD_T8097,2025,2,Georgia Knight,FWD,Magpies,0,0,12,0,1,0,0,,0,0,63,0
CD_I1025550,CD_T7886,2025,2,Georgie Brisbane,FWD,Dockers,0,0,25,0,3,2,0,,0,0,62,0
CD_I1025564,CD_T8096,2025,2,Mia Austin,FWD,Blues,0,0,9,0,12,7,0,,0,1,59,1.69491525423729
CD_I1025565,CD_T9406,2025,2,Grace Belloni,MID,Bombers,0,0,12,0,1,1,0,,0,0,61,0
CD_I1025609,CD_T8097,2025,2,Lucille Cronin,DEF,Magpies,0,0,12,1,1,0,0,,100,0,63,0
CD_I1025611,CD_T7387,2025,2,Sarah Poustie,MID,Bulldogs,13,108.333333333333,12,0,3,2,0,,0,0,67,0
CD_I1025613,CD_T8467,2025,2,Sienna Tallariti,DEF,Cats,0,0,16,0,5,3,0,,0,0,67,0
CD_I1025615,CD_T8096,2025,2,Charlotte Brewer,DEF,Blues,0,0,9,0,12,7,0,,0,0,59,0
CD_I1025616,CD_T9408,2025,2,Lara Hausegger,DEF,Swans,0,0,22,0,3,3,0,,0,0,56,0
CD_I1025617,CD_T7386,2025,2,Maggie Mahony,MID,Demons,0,0,19,0,3,2,0,,0,0,64,0
CD_I1025631,CD_T9406,2025,2,Amelie Gladman,FWD,Bombers,0,0,12,0,1,1,0,,0,0,61,0
CD_I1025671,CD_T9407,2025,2,Daisy Flockart,MID,Hawks,0,0,9,0,10,10,0,,0,0,59,0
CD_I1025674,CD_T9406,2025,2,Emily Gough,FWD,Bombers,0,0,12,0,1,1,0,,0,0,61,0
CD_I1025677,CD_T8096,2025,2,Sophie McKay,MID,Blues,0,0,9,0,12,7,0,,0,0,59,0
CD_I1025690,CD_T8096,2025,2,Maddison Torpey,RUC,Blues,0,0,9,0,12,7,0,,0,0,59,0
CD_I1025789,CD_T9408,2025,2,Tanya Kennedy,MID,Swans,18,81.8181818181818,22,0,3,3,0,,0,0,56,0
CD_I1025795,CD_T9408,2025,2,Sarah Steele-Park,DEF,Swans,0,0,22,0,3,3,0,,0,0,56,0
CD_I1025819,CD_T7386,2025,2,Laela Ebert,DEF,Demons,0,0,19,0,3,2,0,,0,0,64,0
CD_I1025829,CD_T9409,2025,2,Coby Morgan,MID,Power,0,0,18,0,9,5,0,,0,0,47,0
CD_I1025861,CD_T7886,2025,2,Holly Ifould,DEF,Dockers,0,0,25,0,3,2,0,,0,0,62,0
CD_I1025893,CD_T9409,2025,2,Ella Boag,MID,Power,0,0,18,0,9,5,0,,0,0,47,0
CD_I1025895,CD_T8097,2025,2,Violet Patterson,MID,Magpies,0,0,12,0,1,0,0,,0,0,63,0
CD_I1025924,CD_T7889,2025,2,Grace Martin,MID,GIANTS,1,8.33333333333333,12,0,9,8,0,,0,0,63,0
CD_I1025962,CD_T8787,2025,2,Charlotte Riggs,RUC,Eagles,0,0,12,0,7,6,0,,0,0,62,0
CD_I1025995,CD_T8096,2025,2,Lily Goss,MID,Blues,5,55.5555555555556,9,0,12,7,0,,0,0,59,0
CD_I1026008,CD_T9406,2025,2,Amelia Radford,MID,Bombers,0,0,12,0,1,1,0,,0,0,61,0
CD_I1026012,CD_T8467,2025,2,Melissa Bragg,RUC,Cats,2,12.5,16,0,5,3,0,,0,33,67,49.2537313432836
CD_I1026016,CD_T8788,2025,2,Montana Beruldsen,FWD,Richmond,2,16.6666666666667,12,0,5,4,0,,0,0,66,0
CD_I1026053,CD_T8467,2025,2,Emma Kilpatrick,MID,Cats,0,0,16,0,5,3,0,,0,0,67,0
CD_I1026055,CD_T9409,2025,2,Asha Dufour,,Power,0,0,18,0,9,5,0,,0,0,47,0
CD_I1026104,CD_T8786,2025,2,Mia Salisbury,MID,SUNS,5,22.7272727272727,22,0,13,9,0,,0,0,56,0
CD_I1026105,CD_T8786,2025,2,Kiara Bischa,DEF,SUNS,0,0,22,1,13,9,1,100,7.69230769230769,0,56,0
CD_I1026111,CD_T7887,2025,2,Sophie Peters,DEF,Lions,0,0,25,0,5,2,0,,0,0,62,0
CD_I1026113,CD_T7887,2025,2,Indiana Williams,DEF,Lions,0,0,25,0,5,2,0,,0,0,62,0
CD_I1026137,CD_T7887,2025,2,Claudia Wright,DEF,Lions,0,0,25,0,5,2,0,,0,0,62,0
CD_I1026141,CD_T8466,2025,2,Ella Slocombe,MID,Kangaroos,0,0,18,0,3,2,0,,0,0,47,0
CD_I1026166,CD_T7886,2025,2,Madeleine Scanlon,DEF,Dockers,0,0,25,0,3,2,0,,0,0,62,0
CD_I1026170,CD_T8787,2025,2,Mikayla Western,FWD,Eagles,0,0,12,0,7,6,0,,0,0,62,0
CD_I1026218,CD_T8796,2025,2,Emmelie Fiedler,RUC,St Kilda,0,0,19,0,11,9,0,,0,0,64,0
CD_I1026227,CD_T9409,2025,2,Julia Teakle,FWD,Power,0,0,18,0,9,5,0,,0,0,47,0
CD_I1026263,CD_T9406,2025,2,Taya Chambers,DEF,Bombers,0,0,12,0,1,1,0,,0,0,61,0
CD_I1026294,CD_T8466,2025,2,Ariana Hetherington,FWD,Kangaroos,9,50,18,0,3,2,0,,0,35,47,74.468085106383
CD_I1026320,CD_T7889,2025,2,Kaitlyn Srhoj,MID,GIANTS,24,200,12,0,9,8,0,,0,0,63,0
CD_I1026372,CD_T7386,2025,2,Molly O'Hehir,MID,Demons,0,0,19,0,3,2,0,,0,0,64,0
CD_I1026384,CD_T7886,2025,2,Indi Strom,DEF,Dockers,5,20,25,0,3,2,0,,0,8,62,12.9032258064516
CD_I1026395,CD_T9406,2025,2,Jess Verbrugge,MID,Bombers,0,0,12,0,1,1,0,,0,0,61,0
CD_I1026444,CD_T7886,2025,2,Amy Mulholland,FWD,Dockers,0,0,25,0,3,2,0,,0,0,62,0
CD_I1026531,CD_T8788,2025,2,Charli Wicksteed,MID,Richmond,0,0,12,0,5,4,0,,0,0,66,0
CD_I1026929,CD_T9407,2025,2,Lucy Wales,RUC,Hawks,15,166.666666666667,9,0,10,10,0,,0,70,59,118.64406779661
CD_I1026937,CD_T7887,2025,2,Rania Crozier,FWD,Lions,0,0,25,0,5,2,0,,0,0,62,0
CD_I1026947,CD_T8467,2025,2,Chantal Mason,FWD,Cats,0,0,16,0,5,3,0,,0,0,67,0
CD_I1027050,CD_T9409,2025,2,Lily Paterson,MID,Power,0,0,18,0,9,5,0,,0,0,47,0
CD_I1027544,CD_T8796,2025,2,Zoe Besanko,RUC,St Kilda,0,0,19,0,11,9,0,,0,0,64,0
CD_I1027545,CD_T8787,2025,2,Kayla Dalgleish,MID,Eagles,0,0,12,0,7,6,0,,0,0,62,0
CD_I1027611,CD_T8787,2025,2,Zoe Wakfer,DEF,Eagles,0,0,12,0,7,6,0,,0,0,62,0
CD_I1027783,CD_T9406,2025,2,Stephanie Wales,RUC,Bombers,0,0,12,0,1,1,0,,0,0,61,0
CD_I1028464,CD_T7387,2025,2,Dominique Carruthers,FWD,Bulldogs,13,108.333333333333,12,0,3,2,0,,0,0,67,0
CD_I1028846,CD_T8786,2025,2,Heidi Talbot,MID,SUNS,0,0,22,0,13,9,0,,0,0,56,0
CD_I1028918,CD_T8786,2025,2,Ellie Veerhuis,MID,SUNS,0,0,22,0,13,9,0,,0,0,56,0
CD_I1029279,CD_T9408,2025,2,Holly Cooper,MID,Swans,0,0,22,0,3,3,0,,0,0,56,0
CD_I1029613,CD_T8786,2025,2,Georgia Clayden,DEF,SUNS,0,0,22,0,13,9,0,,0,0,56,0
CD_I1029614,CD_T7887,2025,2,Eleanor Hartill,RUC,Lions,12,48,25,0,5,2,0,,0,39,62,62.9032258064516
CD_I1029615,CD_T8466,2025,2,Erika O'Shea,DEF,Kangaroos,0,0,18,0,3,2,0,,0,0,47,0
CD_I1029617,CD_T7889,2025,2,Cambridge McCormick,DEF,GIANTS,0,0,12,0,9,8,0,,0,12,63,19.0476190476191
CD_I1029618,CD_T8466,2025,2,Vikki Wall,FWD,Kangaroos,0,0,18,0,3,2,0,,0,0,47,0
CD_I1029621,CD_T7886,2025,2,Megan Kauffman,FWD,Dockers,0,0,25,0,3,2,0,,0,0,62,0
CD_I1029623,CD_T7886,2025,2,Orlagh Lally,MID,Dockers,0,0,25,0,3,2,0,,0,0,62,0
CD_I1029625,CD_T7386,2025,2,Blaithin Mackin,MID,Demons,0,0,19,1,3,2,1,100,33.3333333333333,0,64,0
CD_I1029626,CD_T9407,2025,2,Aine McDonagh,FWD,Hawks,0,0,9,0,10,10,0,,0,6,59,10.1694915254237
CD_I1029628,CD_T7386,2025,2,Saraid Taylor,DEF,Demons,0,0,19,1,3,2,0,,33.3333333333333,0,64,0
CD_I1030180,CD_T7887,2025,2,Lilly Baker,DEF,Lions,0,0,25,0,5,2,0,,0,0,62,0
CD_I1030204,CD_T9409,2025,2,Chloe Gaunt,FWD,Power,5,27.7777777777778,18,0,9,5,0,,0,11,47,23.4042553191489
CD_I1030375,CD_T9406,2025,2,Sophie Strong,MID,Bombers,0,0,12,0,1,1,0,,0,0,61,0
CD_I1030964,CD_T9409,2025,2,Jasmine Evans,FWD,Power,0,0,18,0,9,5,0,,0,0,47,0
CD_I1031080,CD_T8098,2025,2,Christina Leuzzi,MID,Crows,0,0,16,0,9,9,0,,0,0,67,0
CD_I1031247,CD_T7886,2025,2,Joanne Cregg,MID,Dockers,0,0,25,0,3,2,0,,0,0,62,0
CD_I1031272,CD_T7886,2025,2,Indiana West,MID,Dockers,0,0,25,0,3,2,0,,0,0,62,0
CD_I1031303,CD_T9407,2025,2,Elli Symonds,RUC,Hawks,0,0,9,0,10,10,0,,0,0,59,0
CD_I1031314,CD_T9407,2025,2,Grace Baba,MID,Hawks,0,0,9,0,10,10,0,,0,0,59,0
CD_I1031322,CD_T7886,2025,2,Evie Parker,FWD,Dockers,0,0,25,0,3,2,0,,0,0,62,0
CD_I1031342,CD_T9409,2025,2,Jasmine Sowden,MID,Power,0,0,18,0,9,5,0,,0,0,47,0
CD_I1031354,CD_T8466,2025,2,Claire Mahony,FWD,Kangaroos,0,0,18,0,3,2,0,,0,0,47,0
CD_I1031366,CD_T7886,2025,2,Holly Egan,DEF,Dockers,0,0,25,0,3,2,0,,0,0,62,0
CD_I1031378,CD_T9406,2025,2,Holly Ridewood,MID,Bombers,0,0,12,0,1,1,0,,0,0,61,0
CD_I1031379,CD_T8788,2025,2,Zoe Hargreaves,MID,Richmond,0,0,12,0,5,4,0,,0,0,66,0
CD_I1031390,CD_T7387,2025,2,Emma McDonald,FWD,Bulldogs,0,0,12,0,3,2,0,,0,0,67,0
CD_I1031398,CD_T8788,2025,2,Isabel Bacon,DEF,Richmond,13,108.333333333333,12,0,5,4,0,,0,0,66,0
CD_I1031412,CD_T8788,2025,2,Mackenzie Ford,FWD,Richmond,0,0,12,0,5,4,0,,0,0,66,0
CD_I1031564,CD_T9408,2025,2,Amelia Martin,FWD,Swans,0,0,22,0,3,3,0,,0,2,56,3.57142857142857
CD_I1031784,CD_T7387,2025,2,Cleo Buttifant,DEF,Bulldogs,0,0,12,0,3,2,0,,0,0,67,0
CD_I1031857,CD_T8788,2025,2,Shelby Knoll,FWD,Richmond,0,0,12,0,5,4,0,,0,0,66,0
CD_I1033157,CD_T7887,2025,2,Jennifer Dunne,DEF,Lions,0,0,25,3,5,2,3,100,60,0,62,0
CD_I1033158,CD_T8096,2025,2,Dayna Finn,MID,Blues,0,0,9,0,12,7,0,,0,0,59,0
CD_I1033159,CD_T8096,2025,2,Erone Fitzpatrick,MID,Blues,3,33.3333333333333,9,0,12,7,0,,0,0,59,0
CD_I1033161,CD_T8467,2025,2,Anna-Rose Kennedy,DEF,Cats,0,0,16,0,5,3,0,,0,0,67,0
CD_I1033162,CD_T7386,2025,2,Aimee Mackin,FWD,Demons,0,0,19,0,3,2,0,,0,0,64,0
CD_I1033163,CD_T8466,2025,2,Niamh Martin,FWD,Kangaroos,0,0,18,0,3,2,0,,0,0,47,0
CD_I1033164,CD_T9408,2025,2,Paris McCarthy,FWD,Swans,0,0,22,0,3,3,0,,0,0,56,0
CD_I1033165,CD_T8786,2025,2,Niamh McLaughlin,DEF,SUNS,0,0,22,5,13,9,4,125,38.4615384615385,0,56,0
CD_I1033166,CD_T8467,2025,2,Aishling Moloney,FWD,Cats,0,0,16,0,5,3,0,,0,4,67,5.97014925373134
CD_I1033167,CD_T9406,2025,2,Courtney Murphy,RUC,Bombers,12,100,12,0,1,1,0,,0,61,61,100
CD_I1033168,CD_T9408,2025,2,Julie O'Sullivan,DEF,Swans,0,0,22,0,3,3,0,,0,0,56,0
CD_I1033269,CD_T7887,2025,2,Evie Long,FWD,Lions,0,0,25,0,5,2,0,,0,0,62,0
CD_I1033348,CD_T9408,2025,2,Imogen Brown,MID,Swans,0,0,22,0,3,3,0,,0,0,56,0
CD_I1033875,CD_T9407,2025,2,Rebecca Clottey,FWD,Hawks,0,0,9,0,10,10,0,,0,0,59,0
CD_I1035370,CD_T8786,2025,2,Taya Oliver,FWD,SUNS,0,0,22,0,13,9,0,,0,0,56,0
CD_I1035371,CD_T7386,2025,2,Ryleigh Wotherspoon,MID,Demons,0,0,19,0,3,2,0,,0,0,64,0
CD_I1035374,CD_T8097,2025,2,Muireann Atkinson,DEF,Magpies,0,0,12,0,1,0,0,,0,0,63,0
CD_I1035375,CD_T8098,2025,2,Amy Boyle-Carr,FWD,Crows,0,0,16,0,9,9,0,,0,0,67,0
CD_I1035689,CD_T8787,2025,2,Courtney Lindgren,FWD,Eagles,0,0,12,0,7,6,0,,0,0,62,0
CD_I1036082,CD_T8467,2025,2,Kate Kenny,FWD,Cats,0,0,16,0,5,3,0,,0,0,67,0
CD_I1036083,CD_T7889,2025,2,Eilish O'Dowd,RUC,GIANTS,11,91.6666666666667,12,0,9,8,0,,0,30,63,47.6190476190476
CD_I1036084,CD_T7386,2025,2,Grace Beasley,MID,Demons,0,0,19,0,3,2,0,,0,0,64,0
CD_I1036296,CD_T9408,2025,2,Caitlin Reid,RUC,Swans,9,40.9090909090909,22,0,3,3,0,,0,31,56,55.3571428571429
CD_I1036297,CD_T8467,2025,2,Piper Dunlop,RUC,Cats,27,168.75,16,0,5,3,0,,0,64,67,95.5223880597015
CD_I1036298,CD_T7889,2025,2,Caitlin Fletcher,MID,GIANTS,0,0,12,0,9,8,0,,0,1,63,1.58730158730159
CD_I1036301,CD_T7889,2025,2,Sophie Kavanagh,MID,GIANTS,0,0,12,0,9,8,0,,0,0,63,0
CD_I1036302,CD_T8466,2025,2,Blaithin Bogue,FWD,Kangaroos,0,0,18,0,3,2,0,,0,0,47,0
CD_I1037024,CD_T9407,2025,2,Lavinia Cox,MID,Hawks,0,0,9,0,10,10,0,,0,0,59,0
CD_I1037133,CD_T8787,2025,2,Sanne Bakker,MID,Eagles,0,0,12,0,7,6,0,,0,0,62,0
CD_I1042236,CD_T8096,2025,2,Aisling Reidy,MID,Blues,0,0,9,0,12,7,0,,0,0,59,0
CD_I1042237,CD_T8096,2025,2,Siofra O'Connell,DEF,Blues,0,0,9,0,12,7,0,,0,0,59,0
CD_I1042238,CD_T8096,2025,2,Maria Cannon,FWD,Blues,0,0,9,0,12,7,0,,0,0,59,0
CD_I1042241,CD_T7386,2025,2,Amelia Dethridge,MID,Demons,0,0,19,0,3,2,0,,0,0,64,0
CD_I1042246,CD_T8097,2025,2,Kellyann Hogan,FWD,Magpies,0,0,12,0,1,0,0,,0,0,63,0
CD_I1042256,CD_T9406,2025,2,Grace Brooker,FWD,Bombers,0,0,12,0,1,1,0,,0,0,61,0
CD_I1042260,CD_T8467,2025,2,Caitlin Tipping,RUC,Cats,0,0,16,0,5,3,0,,0,0,67,0
CD_I1042264,CD_T8466,2025,2,Amy Gavin Mangan,FWD,Kangaroos,0,0,18,0,3,2,0,,0,0,47,0
CD_I1042277,CD_T7886,2025,2,Matilda Banfield,FWD,Dockers,0,0,25,0,3,2,0,,0,0,62,0
CD_I1042707,CD_T8098,2025,2,Kayleigh Cronin,DEF,Crows,0,0,16,0,9,9,0,,0,0,67,0
CD_I1042794,CD_T8788,2025,2,Aoibhin Cleary,DEF,Richmond,0,0,12,0,5,4,0,,0,0,66,0
CD_I1042795,CD_T7887,2025,2,Neasa Dooley,FWD,Lions,0,0,25,0,5,2,0,,0,0,62,0
CD_I1042797,CD_T7889,2025,2,Grace Kos,FWD,GIANTS,27,225,12,0,9,8,0,,0,73,63,115.873015873016
CD_I1043806,CD_T8786,2025,2,Tayla Gregory,RUC,SUNS,8,36.3636363636364,22,0,13,9,0,,0,28,56,50
CD_I296125,CD_T7387,2025,2,Ellie Blackburn,MID,Bulldogs,1,8.33333333333333,12,0,3,2,0,,0,0,67,0
CD_I296141,CD_T7387,2025,2,Louise Stephenson,FWD,Bulldogs,4,33.3333333333333,12,0,3,2,0,,0,15,67,22.3880597014925
CD_I296148,CD_T9408,2025,2,Rebecca Privitelli,FWD,Swans,0,0,22,0,3,3,0,,0,5,56,8.92857142857143
CD_I296154,CD_T8466,2025,2,Jasmine Garner,MID,Kangaroos,25,138.888888888889,18,0,3,2,0,,0,0,47,0
CD_I296158,CD_T8796,2025,2,Bianca Jakobsson,DEF,St Kilda,0,0,19,0,11,9,0,,0,0,64,0
CD_I997649,CD_T9407,2025,2,Kaitlyn Ashmore,MID,Hawks,0,0,9,0,10,10,0,,0,0,59,0
CD_I997663,CD_T8096,2025,2,Darcy Vescio,FWD,Blues,0,0,9,9,12,7,5,180,75,0,59,0
CD_I997686,CD_T9409,2025,2,Kirsty Lamb,FWD,Power,13,72.2222222222222,18,0,9,5,0,,0,1,47,2.12765957446809
CD_I997700,CD_T8466,2025,2,Eliza Shannon,DEF,Kangaroos,0,0,18,1,3,2,1,100,33.3333333333333,0,47,0
CD_I997708,CD_T8786,2025,2,Lily Mithen,MID,SUNS,3,13.6363636363636,22,0,13,9,0,,0,0,56,0
CD_I997709,CD_T8467,2025,2,Amy McDonald,MID,Cats,22,137.5,16,0,5,3,0,,0,0,67,0
CD_I997725,CD_T7889,2025,2,Isabel Huntington,DEF,GIANTS,0,0,12,0,9,8,0,,0,0,63,0
CD_I997728,CD_T7387,2025,2,Deanna Berry,MID,Bulldogs,0,0,12,0,3,2,0,,0,0,67,0
CD_I997729,CD_T8097,2025,2,Brittany Bonnici,MID,Magpies,23,191.666666666667,12,0,1,0,0,,0,0,63,0
CD_I997733,CD_T7889,2025,2,Katherine Smith,DEF,GIANTS,0,0,12,5,9,8,2,250,55.5555555555556,0,63,0
CD_I997736,CD_T8097,2025,2,Jordyn Allen,DEF,Magpies,0,0,12,0,1,0,0,,0,0,63,0
CD_I997743,CD_T8788,2025,2,Katelyn Cox,FWD,Richmond,0,0,12,0,5,4,0,,0,0,66,0
CD_I997745,CD_T9406,2025,2,Georgia Gee,FWD,Bombers,0,0,12,0,1,1,0,,0,0,61,0
CD_I998029,CD_T7889,2025,2,Alicia Eva,FWD,GIANTS,0,0,12,0,9,8,0,,0,0,63,0
CD_I998030,CD_T7886,2025,2,Kiara Bowers,MID,Dockers,29,116,25,0,3,2,0,,0,0,62,0
CD_I998032,CD_T8787,2025,2,Emma Swanson,DEF,Eagles,0,0,12,3,7,6,3,100,42.8571428571429,0,62,0
CD_I998039,CD_T7386,2025,2,Tayla Harris,FWD,Demons,0,0,19,0,3,2,0,,0,4,64,6.25
CD_I998040,CD_T7886,2025,2,Hayley Miller,MID,Dockers,5,20,25,0,3,2,0,,0,4,62,6.45161290322581
CD_I998041,CD_T8787,2025,2,Kellie Gibson,FWD,Eagles,0,0,12,0,7,6,0,,0,1,62,1.61290322580645
CD_I998044,CD_T8098,2025,2,Chelsea Randall,DEF,Crows,1,6.25,16,0,9,9,0,,0,0,67,0
CD_I998149,CD_T7386,2025,2,Paxy Paxman,DEF,Demons,0,0,19,1,3,2,1,100,33.3333333333333,0,64,0
CD_I998150,CD_T8466,2025,2,Emma Kearney,DEF,Kangaroos,0,0,18,0,3,2,0,,0,0,47,0
CD_I998155,CD_T9407,2025,2,Emily Bates,MID,Hawks,16,177.777777777778,9,0,10,10,0,,0,0,59,0
CD_I998156,CD_T8787,2025,2,Dana Hooker,MID,Eagles,0,0,12,0,7,6,0,,0,0,62,0
CD_I998157,CD_T8788,2025,2,Katie Brennan,FWD,Richmond,1,8.33333333333333,12,0,5,4,0,,0,2,66,3.03030303030303
CD_I998164,CD_T8796,2025,2,Nicola Stevens,DEF,St Kilda,0,0,19,2,11,9,2,100,18.1818181818182,0,64,0
